date,ticker,open,high,low,close,adj_open,adj_high,adj_low,adj_close,volume
2023-01-03,SPY,375.50,378.25,374.80,377.45,375.50,378.25,374.80,377.45,45678900
2023-01-04,SPY,377.45,380.10,376.90,379.20,377.45,380.10,376.90,379.20,38945600
2023-01-05,SPY,379.20,382.50,378.80,381.90,379.20,382.50,378.80,381.90,41234500
2023-01-06,SPY,381.90,384.20,381.20,383.50,381.90,384.20,381.20,383.50,37890100
2023-01-09,SPY,383.50,385.80,382.90,384.70,383.50,385.80,382.90,384.70,42345600
2023-01-03,QQQ,298.50,301.20,297.80,300.40,298.50,301.20,297.80,300.40,25678900
2023-01-04,QQQ,300.40,303.80,299.90,302.10,300.40,303.80,299.90,302.10,23456700
2023-01-05,QQQ,302.10,305.50,301.50,304.20,302.10,305.50,301.50,304.20,26789000
2023-01-06,QQQ,304.20,307.80,303.70,306.50,304.20,307.80,303.70,306.50,24567800
2023-01-09,QQQ,306.50,309.20,305.80,308.30,306.50,309.20,305.80,308.30,27890100